income,debt_to_income,credit_age,num_accounts,approved
0.0012,-0.6415,-1.2909,-0.6261,0
0.2987,2.0004,0.3467,-1.2777,0
-0.2741,0.7623,-1.6882,1.2571,0
-0.8906,-1.1993,-2.0353,-0.1541,0
-0.4547,0.0745,-0.3045,0.9659,0
-0.9916,0.5767,-0.8999,0.0133,0
0.0601,-0.1888,0.1641,-0.6944,0
1.3402,0.6829,2.2448,-0.3267,1
-0.4922,-0.0665,-0.8317,-0.5602,0
-0.6205,0.6672,-0.6239,0.0080,0
0.4898,1.4385,0.2054,-0.3753,0
0.3569,-0.6757,0.4930,-0.2999,1
0.1054,0.2031,-0.1764,-1.3786,0
-0.9305,-0.4633,-0.2059,-0.8068,0
-0.0293,0.1273,0.7025,1.6541,0
0.6953,-1.1872,0.5199,-0.6712,1
-1.3442,-0.5793,-1.0337,-1.0541,0
-0.4576,-0.1962,-0.0792,0.3373,0
-1.9012,0.8988,0.0353,1.4073,0
-1.2895,1.1452,-1.0545,-1.4540,0
-1.8417,-1.3235,0.2598,-0.2085,0
-0.2351,-0.7946,-0.8580,-0.6321,0
-1.2674,0.6469,0.9721,-1.7610,0
0.2713,-1.9924,0.1927,0.7349,1
0.1568,-0.4632,0.0893,-0.0234,1
-0.1869,-0.0973,-0.5910,0.0714,0
-2.5168,1.2570,-0.1186,-0.7523,0
-0.5387,0.6894,-1.9977,0.4548,0
-0.0485,-0.3272,-1.1314,-0.5393,0
0.1133,-0.3686,0.3628,-0.1429,1
-1.5301,-0.2502,-2.1286,-1.1083,0
-0.4778,1.5235,0.8466,-1.2161,0
-0.9785,-0.4280,-1.7461,1.3355,0
-0.8088,-0.3037,0.7567,-0.5071,0
1.0609,0.3526,-0.8455,0.2917,1
-0.8075,-0.1208,0.7790,-0.0338,0
-0.0325,-0.1973,0.1310,-0.4411,0
0.8844,-1.1141,-1.5368,-0.5080,1
-0.5836,-0.0115,1.2491,0.6301,0
-0.1117,-0.4436,1.4417,-0.3019,1
0.1105,1.1661,-0.0658,-0.1514,0
0.0638,0.6531,-0.2739,0.0222,0
-1.2251,-0.0241,-0.1599,1.1765,0
0.0761,0.6684,-0.9752,0.6805,0
1.3588,-0.3399,1.0986,0.3826,1
-1.5471,1.0521,-0.5429,-0.5636,0
0.8594,-0.0054,-0.0512,-1.3820,1
0.1194,0.5834,-0.7933,0.9495,0
